-- Setting up BacchusWinery Database Schema --
USE BacchusWinery;

# Setting up database user

DROP USER IF EXISTS 'winery_user'@'localhost';
CREATE USER 'winery_user'@'localhost' IDENTIFIED BY 'grapes';
GRANT ALL PRIVILEGES ON BacchusWinery.* TO 'winery_user'@'localhost';


# Dropping Existing Tables

DROP TABLE IF EXISTS ProductOrderLines;
DROP TABLE IF EXISTS ProductOrders;
DROP TABLE IF EXISTS SupplyOrderLines;
DROP TABLE IF EXISTS Supplies;
DROP TABLE IF EXISTS SupplyOrders;
DROP TABLE IF EXISTS TimecardLines;
DROP TABLE IF EXISTS Distributors;
DROP TABLE IF EXISTS Wines;
DROP TABLE IF EXISTS Employees;
DROP TABLE IF EXISTS Suppliers;

# Creating New Tables

#Core Entity Tables 
CREATE TABLE Suppliers (
    Id INT AUTO_INCREMENT PRIMARY KEY,
    Name VARCHAR(255) NOT NULL
);

CREATE TABLE Employees (
    Id INT AUTO_INCREMENT PRIMARY KEY,
    Name VARCHAR(255) NOT NULL
);

CREATE TABLE Distributors (
    Id INT AUTO_INCREMENT PRIMARY KEY,
    Name VARCHAR(255) NOT NULL
);

CREATE TABLE Wines (
    Id INT AUTO_INCREMENT PRIMARY KEY,
    Name VARCHAR(255) NOT NULL,
    VintageYear INT NOT NULL CHECK(VintageYear >= 1800),
    Available INT NOT NULL CHECK(Available >= 0)
);

#----------------------------------------------------------------------

# Tables with Foreign Keys
CREATE TABLE TimecardLines (
    EmployeeId INT NOT NULL,
    DateWorked DATE NOT NULL,
    HoursWorked DECIMAL(4, 2) NOT NULL CHECK (HoursWorked > 0 AND HoursWorked <= 24),
    PRIMARY KEY (EmployeeId, DateWorked),
    FOREIGN KEY (EmployeeId) REFERENCES Employees(Id)
);

CREATE TABLE Supplies (
    Id INT AUTO_INCREMENT PRIMARY KEY,
    Name VARCHAR(255) NOT NULL,
    Quantity INT NOT NULL CHECK (Quantity >= 0),
    PreferredSupplier INT NOT NULL,
    FOREIGN KEY (PreferredSupplier) REFERENCES Suppliers(Id)
);

CREATE TABLE SupplyOrders (
    Id INT AUTO_INCREMENT PRIMARY KEY,
    SupplierId INT NOT NULL,
    ExpectedDate DATE NOT NULL,
    DeliveredDate DATE,
    FOREIGN KEY (SupplierId) REFERENCES Suppliers(Id)
);

CREATE TABLE ProductOrders (
    Id INT AUTO_INCREMENT PRIMARY KEY,
    DistributorId INT NOT NULL,
    DatePlaced DATE NOT NULL,
    Carrier VARCHAR(100),
    TrackingNumber VARCHAR(255),
    FOREIGN KEY (DistributorId) REFERENCES Distributors(Id)
);

#----------------------------------------------------------------------

#Junction/Line-Item Tables 
CREATE TABLE SupplyOrderLines (
    OrderId INT NOT NULL,
    SupplyId INT NOT NULL,
    Quantity INT NOT NULL CHECK (Quantity > 0),
    PRIMARY KEY (OrderId, SupplyId),
    FOREIGN KEY (OrderId) REFERENCES SupplyOrders(Id),
    FOREIGN KEY (SupplyId) REFERENCES Supplies(Id)
);

CREATE TABLE ProductOrderLines (
    OrderId INT NOT NULL,
    WineId INT NOT NULL,
    Quantity INT NOT NULL CHECK (Quantity > 0),

    PRIMARY KEY (OrderId, WineId),
    FOREIGN KEY (OrderId) REFERENCES ProductOrders(Id),
    FOREIGN KEY (WineId) REFERENCES Wines(Id)
);

#----------------------------------------------------------------------

# data insertion scripts

# Inserting Initial Data into Suppliers Table
INSERT INTO Suppliers (Id, Name) VALUES 
(101,'Bottle & Cork Co.'),
(102, 'Label & Box Ltd.'),
(103, 'Vats & Tubing Inc.');

# Inserting Initial Data into Employees Table
INSERT INTO Employees (Id, Name) VALUES
(1, 'David Bacchus'),
(2, 'Stan Bacchus'),
(3, 'Janet Collins'),
(4, 'Roz Murphy'),
(5, 'Bob Ulrich'),
(6, 'Henry Doyle'),
(7, 'Maria Costanza');

# Inserting Initial Data into Distributors Table
INSERT INTO Distributors (Id, Name) VALUES
(301, "Southern Glazer’s Wine & Spirits"),
(302, 'Republic National Distributing Company'),
(303, 'Breakthru Beverage Group'),
(304, 'Winebow'),
(305, 'Johnson Brothers'),
(306, 'Young’s Market Company');

# Inserting Initial Data into Wines Table
INSERT INTO Wines (Id, Name, VintageYear, Available) VALUES
(401, 'Merlot', 2000, 300),
(402, 'Cabernet', 2000, 250),
(403, 'Chablis', 2000, 180),
(404, 'Chardonnay', 2000, 220);

# Inserting Initial Data into TimeCardLines Table
INSERT INTO TimecardLines (EmployeeId, DateWorked, HoursWorked) VALUES
    -- David Bacchus, Q4 2024
    (1, '2024-10-04', 24.0), (1, '2024-10-05', 24.0), (1, '2024-10-06', 24.0),
    (1, '2024-10-07', 24.0), (1, '2024-10-08', 24.0), (1, '2024-10-09', 24.0),
    (1, '2024-10-10', 24.0), (1, '2024-10-11', 24.0), (1, '2024-10-12', 24.0),
    (1, '2024-10-13', 24.0), (1, '2024-10-14', 24.0), (1, '2024-10-15', 24.0),
    (1, '2024-10-16', 24.0), (1, '2024-10-17', 24.0), (1, '2024-10-18', 24.0),
    (1, '2024-10-19', 24.0), (1, '2024-10-20', 24.0), (1, '2024-10-21', 24.0),
    (1, '2024-10-22', 24.0), (1, '2024-10-23', 24.0), (1, '2024-10-24', 24.0),
    (1, '2024-10-25', 24.0), (1, '2024-10-26', 14.0),

    -- David Bacchus, Q1 2025
    (1, '2025-02-04', 24.0), (1, '2025-02-05', 24.0), (1, '2025-02-06', 24.0),
    (1, '2025-02-07', 24.0), (1, '2025-02-08', 24.0), (1, '2025-02-09', 24.0),
    (1, '2025-02-10', 24.0), (1, '2025-02-11', 24.0), (1, '2025-02-12', 24.0),
    (1, '2025-02-13', 24.0), (1, '2025-02-14', 24.0), (1, '2025-02-15', 24.0),
    (1, '2025-02-16', 24.0), (1, '2025-02-17', 24.0), (1, '2025-02-18', 24.0),
    (1, '2025-02-19', 24.0), (1, '2025-02-20', 24.0), (1, '2025-02-21', 24.0),
    (1, '2025-02-22', 24.0), (1, '2025-02-23', 24.0), (1, '2025-02-24', 24.0),
    (1, '2025-02-25', 24.0), (1, '2025-02-26', 13.0),

    -- David Bacchus, Q2 2025
    (1, '2025-05-04', 24.0), (1, '2025-05-05', 24.0), (1, '2025-05-06', 24.0),
    (1, '2025-05-07', 24.0), (1, '2025-05-08', 24.0), (1, '2025-05-09', 24.0),
    (1, '2025-05-10', 24.0), (1, '2025-05-11', 24.0), (1, '2025-05-12', 24.0),
    (1, '2025-05-13', 24.0), (1, '2025-05-14', 24.0), (1, '2025-05-15', 24.0),
    (1, '2025-05-16', 24.0), (1, '2025-05-17', 24.0), (1, '2025-05-18', 24.0),
    (1, '2025-05-19', 24.0), (1, '2025-05-20', 24.0), (1, '2025-05-21', 24.0),
    (1, '2025-05-22', 24.0), (1, '2025-05-23', 24.0), (1, '2025-05-24', 24.0),
    (1, '2025-05-25', 24.0), (1, '2025-05-26', 24.0), (1, '2025-05-27', 7.25),

    -- David Bacchus, Q3 2025
    (1, '2025-08-04', 24.0), (1, '2025-08-05', 24.0), (1, '2025-08-06', 24.0),
    (1, '2025-08-07', 24.0), (1, '2025-08-08', 24.0), (1, '2025-08-09', 24.0),
    (1, '2025-08-10', 24.0), (1, '2025-08-11', 24.0), (1, '2025-08-12', 24.0),
    (1, '2025-08-13', 24.0), (1, '2025-08-14', 24.0), (1, '2025-08-15', 24.0),
    (1, '2025-08-16', 24.0), (1, '2025-08-17', 24.0), (1, '2025-08-18', 24.0),
    (1, '2025-08-19', 24.0), (1, '2025-08-20', 24.0), (1, '2025-08-21', 24.0),
    (1, '2025-08-22', 24.0), (1, '2025-08-23', 24.0), (1, '2025-08-24', 24.0),
    (1, '2025-08-25', 24.0), (1, '2025-08-26', 3.0),

    -- David Bacchus, Q4 2025
    (1, '2025-10-04', 24.0), (1, '2025-10-05', 24.0), (1, '2025-10-06', 24.0),
    (1, '2025-10-07', 24.0), (1, '2025-10-08', 24.0), (1, '2025-10-09', 24.0),
    (1, '2025-10-10', 24.0), (1, '2025-10-11', 24.0), (1, '2025-10-12', 24.0),
    (1, '2025-10-13', 24.0), (1, '2025-10-14', 24.0), (1, '2025-10-15', 24.0),
    (1, '2025-10-16', 24.0), (1, '2025-10-17', 24.0), (1, '2025-10-18', 24.0),
    (1, '2025-10-19', 24.0), (1, '2025-10-20', 24.0), (1, '2025-10-21', 24.0),
    (1, '2025-10-22', 24.0), (1, '2025-10-23', 24.0), (1, '2025-10-24', 24.0),
    (1, '2025-10-25', 24.0), (1, '2025-10-26', 21.5),


    -- Stan Bacchus, Q4 2024
    (2, '2024-10-04', 24.0), (2, '2024-10-05', 24.0), (2, '2024-10-06', 24.0),
    (2, '2024-10-07', 24.0), (2, '2024-10-08', 24.0), (2, '2024-10-09', 24.0),
    (2, '2024-10-10', 24.0), (2, '2024-10-11', 24.0), (2, '2024-10-12', 24.0),
    (2, '2024-10-13', 24.0), (2, '2024-10-14', 24.0), (2, '2024-10-15', 24.0),
    (2, '2024-10-16', 24.0), (2, '2024-10-17', 24.0), (2, '2024-10-18', 24.0),
    (2, '2024-10-19', 24.0), (2, '2024-10-20', 24.0), (2, '2024-10-21', 24.0),
    (2, '2024-10-22', 24.0), (2, '2024-10-23', 24.0), (2, '2024-10-24', 24.0),
    (2, '2024-10-25', 24.0), (2, '2024-10-26', 24.0), (2, '2024-10-27', 8.0),

    -- Stan Bacchus, Q1 2025
    (2, '2025-02-04', 24.0), (2, '2025-02-05', 24.0), (2, '2025-02-06', 24.0),
    (2, '2025-02-07', 24.0), (2, '2025-02-08', 24.0), (2, '2025-02-09', 24.0),
    (2, '2025-02-10', 24.0), (2, '2025-02-11', 24.0), (2, '2025-02-12', 24.0),
    (2, '2025-02-13', 24.0), (2, '2025-02-14', 24.0), (2, '2025-02-15', 24.0),
    (2, '2025-02-16', 24.0), (2, '2025-02-17', 24.0), (2, '2025-02-18', 24.0),
    (2, '2025-02-19', 24.0), (2, '2025-02-20', 24.0), (2, '2025-02-21', 24.0),
    (2, '2025-02-22', 24.0), (2, '2025-02-23', 24.0), (2, '2025-02-24', 24.0),
    (2, '2025-02-25', 24.0), (2, '2025-02-26', 24.0), (2, '2025-02-27', 14.0),

    -- Stan Bacchus, Q2 2025
    (2, '2025-05-04', 24.0), (2, '2025-05-05', 24.0), (2, '2025-05-06', 24.0),
    (2, '2025-05-07', 24.0), (2, '2025-05-08', 24.0), (2, '2025-05-09', 24.0),
    (2, '2025-05-10', 24.0), (2, '2025-05-11', 24.0), (2, '2025-05-12', 24.0),
    (2, '2025-05-13', 24.0), (2, '2025-05-14', 24.0), (2, '2025-05-15', 24.0),
    (2, '2025-05-16', 24.0), (2, '2025-05-17', 24.0), (2, '2025-05-18', 24.0),
    (2, '2025-05-19', 24.0), (2, '2025-05-20', 24.0), (2, '2025-05-21', 24.0),
    (2, '2025-05-22', 24.0), (2, '2025-05-23', 24.0), (2, '2025-05-24', 24.0),
    (2, '2025-05-25', 24.0), (2, '2025-05-26', 24.0), (2, '2025-05-27', 9.5),

    -- Stan Bacchus, Q3 2025
    (2, '2025-08-04', 24.0), (2, '2025-08-05', 24.0), (2, '2025-08-06', 24.0),
    (2, '2025-08-07', 24.0), (2, '2025-08-08', 24.0), (2, '2025-08-09', 24.0),
    (2, '2025-08-10', 24.0), (2, '2025-08-11', 24.0), (2, '2025-08-12', 24.0),
    (2, '2025-08-13', 24.0), (2, '2025-08-14', 24.0), (2, '2025-08-15', 24.0),
    (2, '2025-08-16', 24.0), (2, '2025-08-17', 24.0), (2, '2025-08-18', 24.0),
    (2, '2025-08-19', 24.0), (2, '2025-08-20', 24.0), (2, '2025-08-21', 24.0),
    (2, '2025-08-22', 24.0), (2, '2025-08-23', 24.0), (2, '2025-08-24', 24.0),
    (2, '2025-08-25', 24.0), (2, '2025-08-26', 19.75),

    -- Stan Bacchus, Q4 2025
    (2, '2025-10-04', 24.0), (2, '2025-10-05', 24.0), (2, '2025-10-06', 24.0),
    (2, '2025-10-07', 24.0), (2, '2025-10-08', 24.0), (2, '2025-10-09', 24.0),
    (2, '2025-10-10', 24.0), (2, '2025-10-11', 24.0), (2, '2025-10-12', 24.0),
    (2, '2025-10-13', 24.0), (2, '2025-10-14', 24.0), (2, '2025-10-15', 24.0),
    (2, '2025-10-16', 24.0), (2, '2025-10-17', 24.0), (2, '2025-10-18', 24.0),
    (2, '2025-10-19', 24.0), (2, '2025-10-20', 24.0), (2, '2025-10-21', 24.0),
    (2, '2025-10-22', 24.0), (2, '2025-10-23', 24.0), (2, '2025-10-24', 24.0),
    (2, '2025-10-25', 18.0),


    -- Janet Collins, Q1 2025
    (3, '2025-01-02', 7.05), (3, '2025-01-03', 7.41), (3, '2025-01-06', 7.11), (3, '2025-01-07', 7.90), (3, '2025-01-08', 7.54),
    (3, '2025-01-09', 7.85), (3, '2025-01-10', 7.25), (3, '2025-01-13', 7.16), (3, '2025-01-14', 7.77), (3, '2025-01-15', 7.07),
    (3, '2025-01-16', 7.84), (3, '2025-01-17', 7.34), (3, '2025-01-21', 7.02), (3, '2025-01-22', 7.57), (3, '2025-01-23', 7.43),
    (3, '2025-01-24', 7.82), (3, '2025-01-27', 7.06), (3, '2025-01-28', 7.14), (3, '2025-01-29', 7.44), (3, '2025-01-30', 7.79),

    (3, '2025-01-31', 7.23), (3, '2025-02-03', 7.18), (3, '2025-02-04', 7.64), (3, '2025-02-05', 7.79), (3, '2025-02-06', 7.11),
    (3, '2025-02-07', 7.79), (3, '2025-02-10', 7.74), (3, '2025-02-11', 7.98), (3, '2025-02-12', 7.62), (3, '2025-02-13', 7.67),
    (3, '2025-02-14', 7.67), (3, '2025-02-18', 7.89), (3, '2025-02-19', 7.30), (3, '2025-02-20', 7.06), (3, '2025-02-21', 7.60),
    (3, '2025-02-24', 7.53), (3, '2025-02-25', 7.47), (3, '2025-02-26', 7.14), (3, '2025-02-27', 7.34), (3, '2025-02-28', 7.62),

    (3, '2025-03-03', 7.31), (3, '2025-03-04', 7.25), (3, '2025-03-05', 7.95), (3, '2025-03-06', 7.09), (3, '2025-03-07', 7.53),
    (3, '2025-03-10', 7.34), (3, '2025-03-11', 7.18), (3, '2025-03-12', 7.41), (3, '2025-03-13', 7.20), (3, '2025-03-14', 7.43),
    (3, '2025-03-17', 7.19), (3, '2025-03-18', 7.55), (3, '2025-03-19', 7.63), (3, '2025-03-20', 7.92), (3, '2025-03-21', 7.10),
    (3, '2025-03-24', 7.84), (3, '2025-03-25', 7.38), (3, '2025-03-26', 7.77), (3, '2025-03-27', 7.36), (3, '2025-03-28', 8.00),

    -- Janet Collins, Q2 2025
    (3, '2025-04-01', 7.71), (3, '2025-04-02', 7.19), (3, '2025-04-03', 7.94), (3, '2025-04-04', 7.32), (3, '2025-04-07', 7.30),
    (3, '2025-04-08', 7.70), (3, '2025-04-09', 7.68), (3, '2025-04-10', 7.18), (3, '2025-04-11', 7.95), (3, '2025-04-14', 7.29),
    (3, '2025-04-15', 7.84), (3, '2025-04-16', 7.22), (3, '2025-04-17', 7.39), (3, '2025-04-18', 7.65), (3, '2025-04-21', 7.73),
    (3, '2025-04-22', 7.23), (3, '2025-04-23', 7.49), (3, '2025-04-24', 7.52), (3, '2025-04-25', 7.55), (3, '2025-04-28', 7.47),
    (3, '2025-04-29', 7.08), (3, '2025-04-30', 7.57), (3, '2025-05-01', 7.05), (3, '2025-05-02', 7.83), (3, '2025-05-05', 7.25),

    (3, '2025-05-06', 7.55), (3, '2025-05-07', 7.70), (3, '2025-05-08', 7.58), (3, '2025-05-09', 7.77), (3, '2025-05-12', 7.58),
    (3, '2025-05-13', 7.41), (3, '2025-05-14', 7.93), (3, '2025-05-15', 7.34), (3, '2025-05-16', 7.29), (3, '2025-05-19', 7.63),
    (3, '2025-05-20', 7.86), (3, '2025-05-21', 7.38), (3, '2025-05-22', 7.66), (3, '2025-05-23', 7.23), (3, '2025-05-27', 7.34),
    (3, '2025-05-28', 7.74), (3, '2025-05-29', 7.13), (3, '2025-05-30', 7.96), (3, '2025-06-02', 7.39), (3, '2025-06-03', 7.20),

    (3, '2025-06-04', 7.07), (3, '2025-06-05', 7.16), (3, '2025-06-06', 7.63), (3, '2025-06-09', 7.88), (3, '2025-06-10', 7.72),
    (3, '2025-06-11', 7.54), (3, '2025-06-12', 7.62), (3, '2025-06-13', 7.38), (3, '2025-06-16', 7.55), (3, '2025-06-17', 7.84),
    (3, '2025-06-18', 7.31), (3, '2025-06-20', 7.32), (3, '2025-06-23', 7.43), (3, '2025-06-24', 7.56), (3, '2025-06-25', 8.00),

    -- Janet Collins, Q3 2025
    (3, '2025-07-01', 7.62), (3, '2025-07-02', 7.40), (3, '2025-07-03', 7.73), (3, '2025-07-07', 7.61), (3, '2025-07-08', 7.35),
    (3, '2025-07-09', 7.23), (3, '2025-07-10', 7.12), (3, '2025-07-11', 7.30), (3, '2025-07-14', 7.32), (3, '2025-07-15', 7.55),
    (3, '2025-07-16', 7.04), (3, '2025-07-17', 7.37), (3, '2025-07-18', 7.12), (3, '2025-07-21', 7.72), (3, '2025-07-22', 7.70),
    (3, '2025-07-23', 7.49), (3, '2025-07-24', 7.06), (3, '2025-07-25', 7.19), (3, '2025-07-28', 7.93), (3, '2025-07-29', 7.47),
    (3, '2025-07-30', 7.69), (3, '2025-07-31', 7.92), (3, '2025-08-01', 7.29), (3, '2025-08-04', 7.32), (3, '2025-08-05', 7.52),

    (3, '2025-08-06', 7.63), (3, '2025-08-07', 7.21), (3, '2025-08-08', 7.41), (3, '2025-08-11', 7.74), (3, '2025-08-12', 7.14),
    (3, '2025-08-13', 7.61), (3, '2025-08-14', 7.90), (3, '2025-08-15', 7.98), (3, '2025-08-18', 7.53), (3, '2025-08-19', 7.65),
    (3, '2025-08-20', 7.76), (3, '2025-08-21', 7.43), (3, '2025-08-22', 7.14), (3, '2025-08-25', 7.68), (3, '2025-08-26', 7.34),
    (3, '2025-08-27', 7.43), (3, '2025-08-28', 7.74), (3, '2025-08-29', 7.47), (3, '2025-09-02', 7.43), (3, '2025-09-03', 7.10),

    (3, '2025-09-04', 7.59), (3, '2025-09-05', 7.42), (3, '2025-09-08', 7.14), (3, '2025-09-09', 7.36), (3, '2025-09-10', 7.42),
    (3, '2025-09-11', 7.98), (3, '2025-09-12', 7.41), (3, '2025-09-15', 7.71), (3, '2025-09-16', 7.93), (3, '2025-09-17', 7.04),
    (3, '2025-09-18', 7.72), (3, '2025-09-19', 7.57), (3, '2025-09-22', 7.88), (3, '2025-09-23', 7.55), (3, '2025-09-24', 8.00),

    -- Janet Collins, Q4 2025
    (3, '2025-10-01', 7.58), (3, '2025-10-02', 7.33), (3, '2025-10-03', 7.95), (3, '2025-10-06', 7.45), (3, '2025-10-07', 7.16),
    (3, '2025-10-08', 7.71), (3, '2025-10-09', 7.77), (3, '2025-10-10', 7.67), (3, '2025-10-14', 7.89), (3, '2025-10-15', 7.19),
    (3, '2025-10-16', 7.44), (3, '2025-10-17', 7.56), (3, '2025-10-20', 7.92), (3, '2025-10-21', 7.33), (3, '2025-10-22', 7.31),
    (3, '2025-10-23', 7.64), (3, '2025-10-24', 7.99), (3, '2025-10-27', 7.08), (3, '2025-10-28', 7.73), (3, '2025-10-29', 7.28),
    (3, '2025-10-30', 7.87), (3, '2025-10-31', 7.36), (3, '2025-11-03', 7.45), (3, '2025-11-04', 7.45), (3, '2025-11-05', 7.81),

    (3, '2025-11-06', 7.17), (3, '2025-11-07', 7.65), (3, '2025-11-10', 7.59), (3, '2025-11-12', 7.65), (3, '2025-11-13', 7.16),
    (3, '2025-11-14', 7.05), (3, '2025-11-17', 7.39), (3, '2025-11-18', 7.88), (3, '2025-11-19', 7.72), (3, '2025-11-20', 7.24),
    (3, '2025-11-21', 7.57), (3, '2025-11-24', 7.15), (3, '2025-11-25', 7.88), (3, '2025-11-26', 7.42), (3, '2025-11-28', 7.55),

    (3, '2025-12-01', 7.38), (3, '2025-12-02', 7.41), (3, '2025-12-03', 7.85), (3, '2025-12-04', 7.97), (3, '2025-12-05', 7.65),
    (3, '2025-12-08', 7.09), (3, '2025-12-09', 7.23), (3, '2025-12-10', 7.12), (3, '2025-12-11', 7.76), (3, '2025-12-12', 7.13),
    (3, '2025-12-15', 7.60), (3, '2025-12-16', 7.69), (3, '2025-12-17', 7.50), (3, '2025-12-18', 7.28), (3, '2025-12-19', 7.70),
    (3, '2025-12-22', 7.73), (3, '2025-12-23', 7.41), (3, '2025-12-24', 7.86), (3, '2025-12-26', 7.61), (3, '2025-12-29', 7.99),

-- Roz Murphy

-- January 2025 Week 1
(4, '2025-01-02', 7.64),
(4, '2025-01-03', 7.03),
(4, '2025-01-06', 7.28),
(4, '2025-01-07', 7.22),
(4, '2025-01-08', 7.74),
-- January 2025 Week 2
(4, '2025-01-09', 7.68),
(4, '2025-01-10', 7.89),
(4, '2025-01-13', 7.09),
(4, '2025-01-14', 7.42),
(4, '2025-01-15', 7.03),
-- January 2025 Week 3
(4, '2025-01-16', 7.22),
(4, '2025-01-17', 7.51),
(4, '2025-01-21', 7.03),
(4, '2025-01-22', 7.20),
(4, '2025-01-23', 7.65),
-- January 2025 Week 4
(4, '2025-01-24', 7.54),
(4, '2025-01-27', 7.22),
(4, '2025-01-28', 7.59),
(4, '2025-01-29', 7.81),
(4, '2025-01-30', 7.01),
-- January 2025 Week 5
(4, '2025-01-31', 7.81),
-- February 2025 Week 1
(4, '2025-02-03', 7.70),
(4, '2025-02-04', 7.34),
(4, '2025-02-05', 7.16),
(4, '2025-02-06', 7.96),
(4, '2025-02-07', 7.34),
-- February 2025 Week 2
(4, '2025-02-10', 7.09),
(4, '2025-02-11', 7.10),
(4, '2025-02-12', 7.85),
(4, '2025-02-13', 7.60),
(4, '2025-02-14', 7.81),
-- February 2025 Week 3
(4, '2025-02-18', 7.73),
(4, '2025-02-19', 7.54),
(4, '2025-02-20', 7.97),
(4, '2025-02-21', 7.38),
-- February 2025 Week 4
(4, '2025-02-24', 7.55),
(4, '2025-02-25', 7.83),
(4, '2025-02-26', 7.62),
(4, '2025-02-27', 7.86),
(4, '2025-02-28', 7.58),
-- March 2025 Week 1
(4, '2025-03-03', 7.70),
(4, '2025-03-04', 7.05),
(4, '2025-03-05', 7.23),
(4, '2025-03-06', 7.29),
(4, '2025-03-07', 7.08),
-- March 2025 Week 2
(4, '2025-03-10', 7.23),
(4, '2025-03-11', 7.10),
(4, '2025-03-12', 7.28),
(4, '2025-03-13', 7.64),
(4, '2025-03-14', 7.36),
-- March 2025 Week 3
(4, '2025-03-17', 7.37),
(4, '2025-03-18', 7.21),
(4, '2025-03-19', 7.27),
(4, '2025-03-20', 7.94),
(4, '2025-03-21', 7.65),
-- March 2025 Week 4
(4, '2025-03-24', 7.61),
(4, '2025-03-25', 7.17),
(4, '2025-03-26', 7.73),
(4, '2025-03-27', 7.16),
(4, '2025-03-28', 7.38),
-- March 2025 Week 5
(4, '2025-03-31', 7.99),
-- April 2025 Week 1
(4, '2025-04-01', 7.64),
(4, '2025-04-02', 7.56),
(4, '2025-04-03', 7.68),
(4, '2025-04-04', 7.84),
(4, '2025-04-07', 7.78),
-- April 2025 Week 2
(4, '2025-04-08', 7.23),
(4, '2025-04-09', 7.03),
(4, '2025-04-10', 7.32),
(4, '2025-04-11', 7.27),
(4, '2025-04-14', 7.21),
-- April 2025 Week 3
(4, '2025-04-15', 7.94),
(4, '2025-04-16', 7.88),
(4, '2025-04-17', 7.31),
(4, '2025-04-18', 7.66),
(4, '2025-04-21', 7.40),
-- April 2025 Week 4
(4, '2025-04-22', 7.91),
(4, '2025-04-23', 7.46),
(4, '2025-04-24', 7.26),
(4, '2025-04-25', 7.25),
(4, '2025-04-28', 7.56),
-- April 2025 Week 5
(4, '2025-04-29', 7.26),
(4, '2025-04-30', 7.58),
-- May 2025 Week 1
(4, '2025-05-01', 7.90),
(4, '2025-05-02', 7.40),
(4, '2025-05-05', 7.22),
(4, '2025-05-06', 8.00),
(4, '2025-05-07', 7.51),
-- May 2025 Week 2
(4, '2025-05-08', 7.09),
(4, '2025-05-09', 7.05),
(4, '2025-05-12', 7.11),
(4, '2025-05-13', 7.63),
(4, '2025-05-14', 7.79),
-- May 2025 Week 3
(4, '2025-05-15', 7.42),
(4, '2025-05-16', 7.06),
(4, '2025-05-19', 7.38),
(4, '2025-05-20', 8.00),
(4, '2025-05-21', 7.53),
-- May 2025 Week 4
(4, '2025-05-22', 7.97),
(4, '2025-05-23', 7.86),
(4, '2025-05-27', 7.30),
(4, '2025-05-28', 7.38),
(4, '2025-05-29', 7.55),
-- May 2025 Week 5
(4, '2025-05-30', 7.83),
-- June 2025 Week 1
(4, '2025-06-02', 7.62),
(4, '2025-06-03', 7.86),
(4, '2025-06-04', 7.58),
(4, '2025-06-05', 7.70),
(4, '2025-06-06', 7.05),
-- June 2025 Week 2
(4, '2025-06-09', 7.23),
(4, '2025-06-10', 7.29),
(4, '2025-06-11', 7.08),
(4, '2025-06-12', 7.23),
(4, '2025-06-13', 7.10),
-- June 2025 Week 3
(4, '2025-06-16', 7.28),
(4, '2025-06-17', 7.64),
(4, '2025-06-18', 7.36),
(4, '2025-06-20', 7.37),
-- June 2025 Week 4
(4, '2025-06-23', 7.21),
(4, '2025-06-24', 7.27),
(4, '2025-06-25', 7.94),
(4, '2025-06-26', 7.65),
(4, '2025-06-27', 7.61),
-- June 2025 Week 5
(4, '2025-06-30', 7.17),
-- July 2025 Week 1
(4, '2025-07-01', 7.73),
(4, '2025-07-02', 7.16),
(4, '2025-07-03', 7.38),
(4, '2025-07-07', 7.99),
(4, '2025-07-08', 7.64),
-- July 2025 Week 2
(4, '2025-07-09', 7.56),
(4, '2025-07-10', 7.68),
(4, '2025-07-11', 7.84),
(4, '2025-07-14', 7.78),
(4, '2025-07-15', 7.23),
-- July 2025 Week 3
(4, '2025-07-16', 7.03),
(4, '2025-07-17', 7.32),
(4, '2025-07-18', 7.27),
(4, '2025-07-21', 7.21),
(4, '2025-07-22', 7.94),
-- July 2025 Week 4
(4, '2025-07-23', 7.88),
(4, '2025-07-24', 7.31),
(4, '2025-07-25', 7.66),
(4, '2025-07-28', 7.40),
(4, '2025-07-29', 7.91),
-- July 2025 Week 5
(4, '2025-07-30', 7.46),
(4, '2025-07-31', 7.26),
-- August 2025 Week 1
(4, '2025-08-01', 7.25),
(4, '2025-08-04', 7.56),
(4, '2025-08-05', 7.26),
(4, '2025-08-06', 7.58),
(4, '2025-08-07', 7.90),
-- August 2025 Week 2
(4, '2025-08-08', 7.40),
(4, '2025-08-11', 7.22),
(4, '2025-08-12', 8.00),
(4, '2025-08-13', 7.51),
(4, '2025-08-14', 7.09),
-- August 2025 Week 3
(4, '2025-08-15', 7.05),
(4, '2025-08-18', 7.11),
(4, '2025-08-19', 7.63),
(4, '2025-08-20', 7.79),
(4, '2025-08-21', 7.42),
-- August 2025 Week 4
(4, '2025-08-22', 7.06),
(4, '2025-08-25', 7.38),
(4, '2025-08-26', 8.00),
(4, '2025-08-27', 7.53),
(4, '2025-08-28', 7.97),
-- August 2025 Week 5
(4, '2025-08-29', 7.86),
-- September 2025 Week 1
(4, '2025-09-02', 7.30),
(4, '2025-09-03', 7.38),
(4, '2025-09-04', 7.55),
(4, '2025-09-05', 7.83),
(4, '2025-09-08', 7.62),
-- September 2025 Week 2
(4, '2025-09-09', 7.86),
(4, '2025-09-10', 7.58),
(4, '2025-09-11', 7.70),
(4, '2025-09-12', 7.05),
(4, '2025-09-15', 7.23),
-- September 2025 Week 3
(4, '2025-09-16', 7.29),
(4, '2025-09-17', 7.08),
(4, '2025-09-18', 7.23),
(4, '2025-09-19', 7.10),
(4, '2025-09-22', 7.28),
-- September 2025 Week 4
(4, '2025-09-23', 7.64),
(4, '2025-09-24', 7.36),
(4, '2025-09-25', 7.37),
(4, '2025-09-26', 7.21),
(4, '2025-09-29', 7.27),
-- September 2025 Week 5
(4, '2025-09-30', 7.94),
-- October 2025 Week 1
(4, '2025-10-01', 7.65),
(4, '2025-10-02', 7.61),
(4, '2025-10-03', 7.17),
(4, '2025-10-06', 7.73),
(4, '2025-10-07', 7.16),
-- October 2025 Week 2
(4, '2025-10-08', 7.38),
(4, '2025-10-09', 7.99),
(4, '2025-10-10', 7.64),
(4, '2025-10-14', 7.56),
(4, '2025-10-15', 7.68),
-- October 2025 Week 3
(4, '2025-10-16', 7.84),
(4, '2025-10-17', 7.78),
(4, '2025-10-20', 7.23),
(4, '2025-10-21', 7.03),
(4, '2025-10-22', 7.32),
-- October 2025 Week 4
(4, '2025-10-23', 7.27),
(4, '2025-10-24', 7.21),
(4, '2025-10-27', 7.94),
(4, '2025-10-28', 7.88),
(4, '2025-10-29', 7.31),
-- October 2025 Week 5
(4, '2025-10-30', 7.66),
(4, '2025-10-31', 7.40),
-- November 2025 Week 1
(4, '2025-11-03', 7.91),
(4, '2025-11-04', 7.46),
(4, '2025-11-05', 7.26),
(4, '2025-11-06', 7.25),
(4, '2025-11-07', 7.56),
-- November 2025 Week 2
(4, '2025-11-10', 7.26),
(4, '2025-11-12', 7.58),
(4, '2025-11-13', 7.90),
(4, '2025-11-14', 7.40),
(4, '2025-11-17', 7.22),
-- November 2025 Week 3
(4, '2025-11-18', 8.00),
(4, '2025-11-19', 7.51),
(4, '2025-11-20', 7.09),
(4, '2025-11-21', 7.05),
(4, '2025-11-24', 7.11),
-- November 2025 Week 4
(4, '2025-11-25', 7.63),
(4, '2025-11-26', 7.79),
(4, '2025-11-28', 7.42),
-- December 2025 Week 1
(4, '2025-12-01', 7.06),
(4, '2025-12-02', 7.38),
(4, '2025-12-03', 8.00),
(4, '2025-12-04', 7.53),
(4, '2025-12-05', 7.97),
-- December 2025 Week 2
(4, '2025-12-08', 7.86),
(4, '2025-12-09', 7.30),
(4, '2025-12-10', 7.38),
(4, '2025-12-11', 7.55),
(4, '2025-12-12', 7.83),
-- December 2025 Week 3
(4, '2025-12-15', 7.62),
(4, '2025-12-16', 7.86),
(4, '2025-12-17', 7.58),
(4, '2025-12-18', 7.70),
(4, '2025-12-19', 7.05),
-- December 2025 Week 4
(4, '2025-12-22', 7.23),
(4, '2025-12-23', 7.29),
(4, '2025-12-24', 7.08),
(4, '2025-12-26', 7.23),
(4, '2025-12-29', 7.10),
-- December 2025 Week 5
(4, '2025-12-30', 7.28),
(4, '2025-12-31', 7.30),


-- Bob Ulrich
-- January 2025 Week 1
(5, '2025-01-02', 7.05),
(5, '2025-01-03', 7.41),
(5, '2025-01-06', 7.11),
(5, '2025-01-07', 7.90),
(5, '2025-01-08', 7.54),
-- January 2025 Week 2
(5, '2025-01-09', 7.85),
(5, '2025-01-10', 7.25),
(5, '2025-01-13', 8.16),
(5, '2025-01-14', 7.77),
(5, '2025-01-15', 7.07),
-- January 2025 Week 3
(5, '2025-01-16', 7.84),
(5, '2025-01-17', 7.34),
(5, '2025-01-21', 7.22),
(5, '2025-01-22', 7.57),
(5, '2025-01-23', 7.43),
-- January 2025 Week 4
(5, '2025-01-24', 7.82),
(5, '2025-01-27', 7.06),
(5, '2025-01-28', 8.14),
(5, '2025-01-29', 7.44),
(5, '2025-01-30', 7.99),
-- January 2025 Week 5
(5, '2025-01-31', 7.05),
(5, '2025-02-03', 7.47),
(5, '2025-02-04', 7.89),
(5, '2025-02-05', 7.79),
(5, '2025-02-06', 7.12),
-- February 2025 Week 1
(5, '2025-02-07', 7.85),
(5, '2025-02-10', 7.21),
(5, '2025-02-11', 7.31),
(5, '2025-02-12', 7.18),
(5, '2025-02-13', 7.15),
-- February 2025 Week 2
(5, '2025-02-14', 7.20),
(5, '2025-02-18', 7.10),
(5, '2025-02-19', 7.85),
(5, '2025-02-20', 7.35),
(5, '2025-02-21', 7.15),
-- February 2025 Week 3
(5, '2025-02-24', 8.09),
(5, '2025-02-25', 7.13),
(5, '2025-02-26', 7.14),
(5, '2025-02-27', 7.16),
(5, '2025-02-28', 7.17),
-- March 2025 Week 1
(5, '2025-03-03', 7.12),
(5, '2025-03-04', 7.13),
(5, '2025-03-05', 7.14),
(5, '2025-03-06', 7.15),
(5, '2025-03-07', 7.15),
-- March 2025 Week 2
(5, '2025-03-10', 7.45),
(5, '2025-03-11', 7.47),
(5, '2025-03-12', 7.46),
(5, '2025-03-13', 7.42),
(5, '2025-03-14', 7.41),
-- March 2025 Week 3
(5, '2025-03-17', 8.00),
(5, '2025-03-18', 7.62),
(5, '2025-03-19', 7.63),
(5, '2025-03-20', 7.64),
(5, '2025-03-21', 7.65),
-- March 2025 Week 4
(5, '2025-03-24', 7.84),
(5, '2025-03-25', 7.76),
(5, '2025-03-26', 7.77),
(5, '2025-03-27', 7.78),
(5, '2025-03-28', 8.00),
-- April 2025 Week 1
(5, '2025-04-01', 7.18),
(5, '2025-04-02', 7.19),
(5, '2025-04-03', 8.14),
(5, '2025-04-04', 7.20),
(5, '2025-04-07', 7.21),
-- April 2025 Week 2
(5, '2025-04-08', 7.67),
(5, '2025-04-09', 7.68),
(5, '2025-04-10', 7.69),
(5, '2025-04-11', 7.70),
(5, '2025-04-14', 7.71),
-- April 2025 Week 3
(5, '2025-04-15', 7.21),
(5, '2025-04-16', 7.22),
(5, '2025-04-17', 7.39),
(5, '2025-04-18', 7.30),
(5, '2025-04-21', 7.20),
-- April 2025 Week 4
(5, '2025-04-22', 7.23),
(5, '2025-04-23', 7.49),
(5, '2025-04-24', 7.52),
(5, '2025-04-25', 7.53),
(5, '2025-04-28', 7.47),
-- April 2025 Week 5
(5, '2025-04-29', 7.08),
(5, '2025-04-30', 7.57),
(5, '2025-05-01', 7.05),
(5, '2025-05-02', 7.16),
(5, '2025-05-03', 7.24),
-- May 2025 Week 1
(5, '2025-05-06', 7.55),
(5, '2025-05-07', 7.70),
(5, '2025-05-08', 7.58),
(5, '2025-05-09', 7.77),
(5, '2025-05-12', 7.58),
-- May 2025 Week 2
(5, '2025-05-13', 7.41),
(5, '2025-05-14', 7.93),
(5, '2025-05-15', 7.34),
(5, '2025-05-16', 7.29),
(5, '2025-05-19', 7.63),
-- May 2025 Week 3
(5, '2025-05-20', 7.86),
(5, '2025-05-21', 7.38),
(5, '2025-05-22', 8.66),
(5, '2025-05-23', 7.23),
(5, '2025-05-27', 7.34),
-- May 2025 Week 4
(5, '2025-05-28', 7.74),
(5, '2025-05-29', 7.13),
(5, '2025-05-30', 8.96),
(5, '2025-06-02', 7.39),
(5, '2025-06-03', 7.20),
-- June 2025 Week 1
(5, '2025-06-04', 7.07),
(5, '2025-06-05', 7.16),
(5, '2025-06-06', 8.63),
(5, '2025-06-09', 7.88),
(5, '2025-06-10', 7.72),
-- June 2025 Week 2
(5, '2025-06-11', 8.54),
(5, '2025-06-12', 7.62),
(5, '2025-06-13', 7.38),
(5, '2025-06-16', 7.55),
(5, '2025-06-17', 8.84),
-- June 2025 Week 3
(5, '2025-06-18', 7.31),
(5, '2025-06-20', 7.32),
(5, '2025-06-23', 7.43),
(5, '2025-06-24', 8.56),
(5, '2025-06-25', 8.00),
-- July 2025 Week 1
(5, '2025-07-01', 7.62),
(5, '2025-07-02', 7.40),
(5, '2025-07-03', 8.73),
(5, '2025-07-07', 7.61),
(5, '2025-07-08', 7.35),
-- July 2025 Week 2
(5, '2025-07-09', 7.23),
(5, '2025-07-10', 7.12),
(5, '2025-07-11', 7.30),
(5, '2025-07-14', 7.32),
(5, '2025-07-15', 7.55),
-- July 2025 Week 3
(5, '2025-07-16', 7.04),
(5, '2025-07-17', 7.37),
(5, '2025-07-18', 8.12),
(5, '2025-07-21', 7.72),
(5, '2025-07-22', 7.70),
-- July 2025 Week 4
(5, '2025-07-23', 7.49),
(5, '2025-07-24', 7.06),
(5, '2025-07-25', 7.19),
(5, '2025-07-28', 7.93),
(5, '2025-07-29', 7.47),
-- July 2025 Week 5
(5, '2025-07-30', 7.69),
(5, '2025-07-31', 7.92),
(5, '2025-08-01', 8.29),
(5, '2025-08-04', 7.32),
(5, '2025-08-05', 7.52),
-- August 2025 Week 1
(5, '2025-08-06', 7.63),
(5, '2025-08-07', 7.21),
(5, '2025-08-08', 7.41),
(5, '2025-08-11', 7.74),
(5, '2025-08-12', 8.14),
-- August 2025 Week 2
(5, '2025-08-13', 7.61),
(5, '2025-08-14', 7.90),
(5, '2025-08-15', 7.98),
(5, '2025-08-18', 7.53),
(5, '2025-08-19', 8.65),
-- August 2025 Week 3
(5, '2025-08-20', 7.76),
(5, '2025-08-21', 7.43),
(5, '2025-08-22', 7.14),
(5, '2025-08-25', 7.68),
(5, '2025-08-26', 8.34),
-- August 2025 Week 4
(5, '2025-08-27', 7.43),
(5, '2025-08-28', 8.74),
(5, '2025-08-29', 7.47),
(5, '2025-09-02', 7.43),
(5, '2025-09-03', 7.10),
-- September 2025 Week 1
(5, '2025-09-04', 7.59),
(5, '2025-09-05', 8.42),
(5, '2025-09-08', 8.14),
(5, '2025-09-09', 7.36),
(5, '2025-09-10', 7.42),
-- September 2025 Week 2
(5, '2025-09-11', 7.98),
(5, '2025-09-12', 7.99),
(5, '2025-09-15', 7.71),
(5, '2025-09-16', 7.93),
(5, '2025-09-17', 7.04),
-- September 2025 Week 3
(5, '2025-09-18', 7.72),
(5, '2025-09-19', 7.57),
(5, '2025-09-22', 7.88),
(5, '2025-09-23', 7.89),
(5, '2025-09-24', 8.00),
-- October 2025 Week 1
(5, '2025-10-01', 7.58),
(5, '2025-10-02', 7.59),
(5, '2025-10-03', 7.95),
(5, '2025-10-06', 7.45),
(5, '2025-10-07', 7.16),
-- October 2025 Week 2
(5, '2025-10-08', 7.71),
(5, '2025-10-09', 7.72),
(5, '2025-10-10', 7.67),
(5, '2025-10-14', 7.89),
(5, '2025-10-15', 7.19),
-- October 2025 Week 3
(5, '2025-10-16', 7.44),
(5, '2025-10-17', 7.56),
(5, '2025-10-20', 7.87),
(5, '2025-10-21', 7.33),
(5, '2025-10-22', 7.31),
-- October 2025 Week 4
(5, '2025-10-23', 7.98),
(5, '2025-10-24', 7.99),
(5, '2025-10-27', 7.08),
(5, '2025-10-28', 7.19),
(5, '2025-10-29', 7.28),
-- October 2025 Week 5
(5, '2025-10-30', 7.87),
(5, '2025-10-31', 7.89),
(5, '2025-11-01', 7.14),
(5, '2025-11-03', 7.45),
(5, '2025-11-04', 7.45),
(5, '2025-11-05', 7.45),
-- November 2025 Week 1
(5, '2025-11-06', 7.17),
(5, '2025-11-07', 7.18),
(5, '2025-11-10', 7.59),
(5, '2025-11-12', 7.15),
(5, '2025-11-13', 7.16),
-- November 2025 Week 2
(5, '2025-11-14', 7.05),
(5, '2025-11-17', 7.39),
(5, '2025-11-18', 7.88),
(5, '2025-11-19', 7.42),
(5, '2025-11-20', 7.24),
-- November 2025 Week 3
(5, '2025-11-21', 7.45),
(5, '2025-11-24', 7.15),
(5, '2025-11-25', 7.88),
(5, '2025-11-26', 7.42),
(5, '2025-11-28', 7.55),
-- December 2025 Week 1
(5, '2025-12-01', 7.38),
(5, '2025-12-02', 8.41),
(5, '2025-12-03', 7.85),
(5, '2025-12-04', 8.97),
(5, '2025-12-05', 7.65),
-- December 2025 Week 2
(5, '2025-12-08', 7.09),
(5, '2025-12-09', 7.23),
(5, '2025-12-10', 8.12),
(5, '2025-12-11', 7.76),
(5, '2025-12-12', 7.13),
-- December 2025 Week 3
(5, '2025-12-15', 8.60),
(5, '2025-12-16', 7.69),
(5, '2025-12-17', 7.50),
(5, '2025-12-18', 7.28),
(5, '2025-12-19', 8.70),
-- December 2025 Week 4
(5, '2025-12-22', 7.73),
(5, '2025-12-23', 7.41),
(5, '2025-12-24', 8.86),
(5, '2025-12-26', 8.61),
(5, '2025-12-29', 7.99),


-- Henry Doyle
-- January 2025 Week 1
(6, '2025-01-02', 8.25),
(6, '2025-01-03', 7.41),
(6, '2025-01-06', 7.71),
(6, '2025-01-07', 7.90),
(6, '2025-01-08', 7.54),
-- January 2025 Week 2
(6, '2025-01-09', 7.85),
(6, '2025-01-10', 7.95),
(6, '2025-01-13', 8.16),
(6, '2025-01-14', 7.77),
(6, '2025-01-15', 8.24),
-- January 2025 Week 3
(6, '2025-01-16', 7.84),
(6, '2025-01-17', 7.54),
(6, '2025-01-21', 7.92),
(6, '2025-01-22', 7.57),
(6, '2025-01-23', 7.43),
-- January 2025 Week 4
(6, '2025-01-24', 7.82),
(6, '2025-01-27', 8.24),
(6, '2025-01-28', 8.14),
(6, '2025-01-29', 7.44),
(6, '2025-01-30', 7.99),
-- January 2025 Week 5
(6, '2025-01-31', 8.25),
(6, '2025-02-03', 7.47),
(6, '2025-02-04', 7.89),
(6, '2025-02-05', 7.79),
(6, '2025-02-06', 7.72),
-- February 2025 Week 1
(6, '2025-02-07', 7.85),
(6, '2025-02-10', 7.91),
(6, '2025-02-11', 7.51),
(6, '2025-02-12', 7.78),
(6, '2025-02-13', 7.75),
-- February 2025 Week 2
(6, '2025-02-14', 7.90),
(6, '2025-02-18', 7.70),
(6, '2025-02-19', 7.85),
(6, '2025-02-20', 7.55),
(6, '2025-02-21', 7.75),
-- February 2025 Week 3
(6, '2025-02-24', 8.09),
(6, '2025-02-25', 7.73),
(6, '2025-02-26', 7.74),
(6, '2025-02-27', 7.76),
(6, '2025-02-28', 7.77),
-- March 2025 Week 1
(6, '2025-03-03', 7.72),
(6, '2025-03-04', 7.73),
(6, '2025-03-05', 7.74),
(6, '2025-03-06', 7.75),
(6, '2025-03-07', 7.75),
-- March 2025 Week 2
(6, '2025-03-10', 7.45),
(6, '2025-03-11', 7.47),
(6, '2025-03-12', 7.46),
(6, '2025-03-13', 7.42),
(6, '2025-03-14', 7.41),
-- March 2025 Week 3
(6, '2025-03-17', 8.00),
(6, '2025-03-18', 7.62),
(6, '2025-03-19', 7.63),
(6, '2025-03-20', 7.64),
(6, '2025-03-21', 7.65),
-- March 2025 Week 4
(6, '2025-03-24', 7.84),
(6, '2025-03-25', 7.76),
(6, '2025-03-26', 7.77),
(6, '2025-03-27', 7.78),
(6, '2025-03-28', 8.00),
-- April 2025 Week 1
(6, '2025-04-01', 7.78),
(6, '2025-04-02', 7.79),
(6, '2025-04-03', 8.14),
(6, '2025-04-04', 7.90),
(6, '2025-04-07', 7.91),
-- April 2025 Week 2
(6, '2025-04-08', 7.67),
(6, '2025-04-09', 7.68),
(6, '2025-04-10', 7.69),
(6, '2025-04-11', 7.70),
(6, '2025-04-14', 7.71),
-- April 2025 Week 3
(6, '2025-04-15', 7.91),
(6, '2025-04-16', 7.92),
(6, '2025-04-17', 7.59),
(6, '2025-04-18', 7.50),
(6, '2025-04-21', 7.90),
-- April 2025 Week 4
(6, '2025-04-22', 7.93),
(6, '2025-04-23', 7.49),
(6, '2025-04-24', 7.52),
(6, '2025-04-25', 7.53),
(6, '2025-04-28', 7.47),
-- April 2025 Week 5
(6, '2025-04-29', 8.24),
(6, '2025-04-30', 7.57),
(6, '2025-05-01', 8.25),
(6, '2025-05-02', 7.76),
(6, '2025-05-03', 7.94),
-- May 2025 Week 1
(6, '2025-05-06', 7.55),
(6, '2025-05-07', 7.70),
(6, '2025-05-08', 7.58),
(6, '2025-05-09', 7.77),
(6, '2025-05-12', 7.58),
-- May 2025 Week 2
(6, '2025-05-13', 7.41),
(6, '2025-05-14', 7.93),
(6, '2025-05-15', 7.54),
(6, '2025-05-16', 7.99),
(6, '2025-05-19', 7.63),
-- May 2025 Week 3
(6, '2025-05-20', 7.86),
(6, '2025-05-21', 7.58),
(6, '2025-05-22', 8.66),
(6, '2025-05-23', 7.93),
(6, '2025-05-27', 7.54),
-- May 2025 Week 4
(6, '2025-05-28', 7.74),
(6, '2025-05-29', 7.73),
(6, '2025-05-30', 8.96),
(6, '2025-06-02', 7.59),
(6, '2025-06-03', 7.90),
-- June 2025 Week 1
(6, '2025-06-04', 8.24),
(6, '2025-06-05', 7.76),
(6, '2025-06-06', 8.63),
(6, '2025-06-09', 7.88),
(6, '2025-06-10', 7.72),
-- June 2025 Week 2
(6, '2025-06-11', 8.54),
(6, '2025-06-12', 7.62),
(6, '2025-06-13', 7.58),
(6, '2025-06-16', 7.55),
(6, '2025-06-17', 8.84),
-- June 2025 Week 3
(6, '2025-06-18', 7.51),
(6, '2025-06-20', 7.52),
(6, '2025-06-23', 7.43),
(6, '2025-06-24', 8.56),
(6, '2025-06-25', 8.00),
-- July 2025 Week 1
(6, '2025-07-01', 7.62),
(6, '2025-07-02', 7.40),
(6, '2025-07-03', 8.73),
(6, '2025-07-07', 7.61),
(6, '2025-07-08', 7.55),
-- July 2025 Week 2
(6, '2025-07-09', 7.93),
(6, '2025-07-10', 7.72),
(6, '2025-07-11', 7.50),
(6, '2025-07-14', 7.52),
(6, '2025-07-15', 7.55),
-- July 2025 Week 3
(6, '2025-07-16', 8.24),
(6, '2025-07-17', 7.57),
(6, '2025-07-18', 8.12),
(6, '2025-07-21', 7.72),
(6, '2025-07-22', 7.70),
-- July 2025 Week 4
(6, '2025-07-23', 7.49),
(6, '2025-07-24', 8.24),
(6, '2025-07-25', 7.79),
(6, '2025-07-28', 7.93),
(6, '2025-07-29', 7.47),
-- July 2025 Week 5
(6, '2025-07-30', 7.69),
(6, '2025-07-31', 7.92),
(6, '2025-08-01', 8.29),
(6, '2025-08-04', 7.52),
(6, '2025-08-05', 7.52),
-- August 2025 Week 1
(6, '2025-08-06', 7.63),
(6, '2025-08-07', 7.91),
(6, '2025-08-08', 7.41),
(6, '2025-08-11', 7.74),
(6, '2025-08-12', 8.14),
-- August 2025 Week 2
(6, '2025-08-13', 7.61),
(6, '2025-08-14', 7.90),
(6, '2025-08-15', 7.98),
(6, '2025-08-18', 7.53),
(6, '2025-08-19', 8.65),
-- August 2025 Week 3
(6, '2025-08-20', 7.76),
(6, '2025-08-21', 7.43),
(6, '2025-08-22', 7.74),
(6, '2025-08-25', 7.68),
(6, '2025-08-26', 8.34),
-- August 2025 Week 4
(6, '2025-08-27', 7.43),
(6, '2025-08-28', 8.74),
(6, '2025-08-29', 7.47),
(6, '2025-09-02', 7.43),
(6, '2025-09-03', 7.70),
-- September 2025 Week 1
(6, '2025-09-04', 7.59),
(6, '2025-09-05', 8.42),
(6, '2025-09-08', 8.14),
(6, '2025-09-09', 7.56),
(6, '2025-09-10', 7.42),
-- September 2025 Week 2
(6, '2025-09-11', 7.98),
(6, '2025-09-12', 7.99),
(6, '2025-09-15', 7.71),
(6, '2025-09-16', 7.93),
(6, '2025-09-17', 8.24),
-- September 2025 Week 3
(6, '2025-09-18', 7.72),
(6, '2025-09-19', 7.57),
(6, '2025-09-22', 7.88),
(6, '2025-09-23', 7.89),
(6, '2025-09-24', 8.00),
-- October 2025 Week 1
(6, '2025-10-01', 7.58),
(6, '2025-10-02', 7.59),
(6, '2025-10-03', 7.95),
(6, '2025-10-06', 7.45),
(6, '2025-10-07', 7.76),
-- October 2025 Week 2
(6, '2025-10-08', 7.71),
(6, '2025-10-09', 7.72),
(6, '2025-10-10', 7.67),
(6, '2025-10-14', 7.89),
(6, '2025-10-15', 7.79),
-- October 2025 Week 3
(6, '2025-10-16', 7.44),
(6, '2025-10-17', 7.56),
(6, '2025-10-20', 7.87),
(6, '2025-10-21', 7.53),
(6, '2025-10-22', 7.51),
-- October 2025 Week 4
(6, '2025-10-23', 7.98),
(6, '2025-10-24', 7.99),
(6, '2025-10-27', 8.24),
(6, '2025-10-28', 7.79),
(6, '2025-10-29', 7.98),
-- October 2025 Week 5
(6, '2025-10-30', 7.87),
(6, '2025-10-31', 7.89),
(6, '2025-11-01', 7.74),
(6, '2025-11-03', 7.45),
(6, '2025-11-04', 7.45),
(6, '2025-11-05', 7.45),
-- November 2025 Week 1
(6, '2025-11-06', 7.77),
(6, '2025-11-07', 7.78),
(6, '2025-11-10', 7.59),
(6, '2025-11-12', 7.75),
(6, '2025-11-13', 7.76),
-- November 2025 Week 2
(6, '2025-11-14', 8.25),
(6, '2025-11-17', 7.59),
(6, '2025-11-18', 7.88),
(6, '2025-11-19', 7.42),
(6, '2025-11-20', 7.94),
-- November 2025 Week 3
(6, '2025-11-21', 7.45),
(6, '2025-11-24', 7.75),
(6, '2025-11-25', 7.88),
(6, '2025-11-26', 7.42),
(6, '2025-11-28', 7.55),
-- December 2025 Week 1
(6, '2025-12-01', 7.58),
(6, '2025-12-02', 8.41),
(6, '2025-12-03', 7.85),
(6, '2025-12-04', 8.97),
(6, '2025-12-05', 7.65),
-- December 2025 Week 2
(6, '2025-12-08', 8.29),
(6, '2025-12-09', 7.93),
(6, '2025-12-10', 8.12),
(6, '2025-12-11', 7.76),
(6, '2025-12-12', 7.73),
-- December 2025 Week 3
(6, '2025-12-15', 8.60),
(6, '2025-12-16', 7.69),
(6, '2025-12-17', 7.50),
(6, '2025-12-18', 7.98),
(6, '2025-12-19', 8.70),
-- December 2025 Week 4
(6, '2025-12-22', 7.73),
(6, '2025-12-23', 7.41),
(6, '2025-12-24', 8.86),
(6, '2025-12-26', 8.61),
(6, '2025-12-29', 7.99),


    -- Maria Costanza, Q1 2025
    (7, '2025-02-04', 24.0), (7, '2025-02-05', 24.0), (7, '2025-02-06', 24.0),
    (7, '2025-02-07', 24.0), (7, '2025-02-08', 24.0), (7, '2025-02-09', 24.0),
    (7, '2025-02-10', 24.0), (7, '2025-02-11', 24.0), (7, '2025-02-12', 24.0),
    (7, '2025-02-13', 24.0), (7, '2025-02-14', 2.5),

    -- Maria Costanza, Q2 2025

    -- We are telling a story here with the data.

    -- The loss of George was hard for the winery in many respects. Stan and
    -- Davis had big shoes to fill. and they were feeling overwhelmed.

    -- With Maria's long history of demonstrating leadership in her department,
    -- Stan and Davis sat down with her and recommended that she move up to
    -- Distribution Manager from associate, with a pay raise and more hours.
    -- Since then, Maria has been motivated to look for new opportunities
    -- for the winery, and Stan and Davis are free to zoom out and take care of
    -- the business as a whole.
    (7, '2025-05-04', 24.0), (7, '2025-05-05', 24.0), (7, '2025-05-06', 24.0),
    (7, '2025-05-07', 24.0), (7, '2025-05-08', 24.0), (7, '2025-05-09', 24.0),
    (7, '2025-05-10', 24.0), (7, '2025-05-11', 24.0), (7, '2025-05-12', 24.0),
    (7, '2025-05-13', 24.0), (7, '2025-05-14', 24.0), (7, '2025-05-15', 24.0),
    (7, '2025-05-16', 24.0), (7, '2025-05-17', 24.0), (7, '2025-05-18', 9.25),

    -- Maria Costanza, Q3 2025
    (7, '2025-08-04', 24.0), (7, '2025-08-05', 24.0), (7, '2025-08-06', 24.0),
    (7, '2025-08-07', 24.0), (7, '2025-08-08', 24.0), (7, '2025-08-09', 24.0),
    (7, '2025-08-10', 24.0), (7, '2025-08-11', 24.0), (7, '2025-08-12', 24.0),
    (7, '2025-08-13', 24.0), (7, '2025-08-14', 24.0), (7, '2025-08-15', 24.0),
    (7, '2025-08-16', 24.0), (7, '2025-08-17', 24.0), (7, '2025-08-18', 24.0),
    (7, '2025-08-19', 24.0), (7, '2025-08-20', 24.0), (7, '2025-08-21', 24.0),
    (7, '2025-08-22', 24.0), (7, '2025-08-23', 24.0), (7, '2025-08-24', 24.0),
    (7, '2025-08-25', 24.0), (7, '2025-08-26', 19.5),

    -- Maria Costanza, Q4 2025
    (7, '2025-11-04', 24.0), (7, '2025-11-05', 24.0), (7, '2025-11-06', 24.0),
    (7, '2025-11-07', 24.0), (7, '2025-11-08', 24.0), (7, '2025-11-09', 24.0),
    (7, '2025-11-10', 24.0), (7, '2025-11-11', 24.0), (7, '2025-11-12', 24.0),
    (7, '2025-11-13', 24.0), (7, '2025-11-14', 24.0), (7, '2025-11-15', 24.0),
    (7, '2025-11-16', 24.0), (7, '2025-11-17', 24.0), (7, '2025-11-18', 24.0),
    (7, '2025-11-19', 24.0), (7, '2025-11-20', 24.0), (7, '2025-11-21', 24.0),
    (7, '2025-11-22', 24.0), (7, '2025-11-23', 24.0), (7, '2025-11-24', 24.0),
    (7, '2025-11-25', 24.0), (7, '2025-11-26', 6.25)

    ;

# Inserting Initial Data into Supplies Table
INSERT INTO Supplies (Id, Name, Quantity, PreferredSupplier) VALUES
(201, 'Wine bottles', 300, 101),
(202, 'Corks', 200, 101),
(203, 'Labels', 500, 102),
(204, 'Cardboard boxes', 400, 102),
(205, 'Vats', 3, 103),
(206, 'Tubing', 250, 103);

# Inserting Initial Data into SupplyOrders Table
INSERT INTO SupplyOrders (Id, SupplierId, ExpectedDate, DeliveredDate) VALUES
(5001,101,'2025-11-10','2025-11-9'),
(5002,102,'2025-11-12','2025-11-16'),
(5003,103,'2025-11-20','2025-11-20');

# Inserting Initial Data into ProductOrders Table
INSERT INTO ProductOrders (Id, DistributorId, DatePlaced, Carrier, TrackingNumber) VALUES
(6001,301,'2025-11-18','UPS','1Z-SUN-001'),
(6002,302,'2025-11-19','FedEx','FDX-COAST-002'),
(6003,303,'2025-11-20','UPS','1Z-MID-003'),
(6004,304,'2025-11-21','USPS','USPS-MTN-004'),
(6005,305,'2025-11-22','DHL','DHL-DESERT-005'),
(6006,306,'2025-11-23','FedEx','FDX-ATL-006');

# Inserting Initial Data into SupplyOrderLines Table
INSERT INTO SupplyOrderLines (OrderId, SupplyId, Quantity) VALUES
(5001,201,100),
(5001,202,50),
(5002,203,200),
(5002,204,150),
(5003,205,1),
(5003,206,100);

# Inserting Initial Data into ProductOrderLines Table
INSERT INTO ProductOrderLines (OrderId, WineId, Quantity) VALUES
(6001,401,50),
(6001,402,25),
(6002,402,40),
(6002,401,25),
(6002,404,35),
(6003,404,60),
(6003,401,25),
(6004,404,30),
(6005,401,25),
(6005,402,40),
(6006,402,35);




# Stored functions and procedures

DROP FUNCTION IF EXISTS QuarterlyHours;

CREATE FUNCTION QuarterlyHours (Employee INT,`Quarter` INT,`Year` INT)
RETURNS DECIMAL(8,2) DETERMINISTIC
RETURN (
	SELECT
        COALESCE(SUM(HoursWorked), 0.0) AS `QuarterlyHours`
    FROM TimecardLines
    WHERE
        EmployeeId = `Employee` AND
        QUARTER(DateWorked) = `Quarter` AND YEAR(DateWorked) = `Year`
);


DROP PROCEDURE IF EXISTS UnderperformingWines;

CREATE PROCEDURE UnderperformingWines(IN AdequateQuantity INT, IN QuartersAgo INT)
WITH SoldInQuarter AS (
	SELECT
    	ProductOrderLines.WineId AS WineId,
    	SUM(ProductOrderLines.Quantity) AS Quantity
	FROM ProductOrderLines
    LEFT JOIN ProductOrders
    	ON ProductOrderLines.OrderId = ProductOrders.Id
    WHERE
    	QUARTER(ProductOrders.DatePlaced) = QUARTER(DATE_SUB(NOW(), INTERVAL QuartersAgo QUARTER)) AND
		YEAR(ProductOrders.DatePlaced) = YEAR(DATE_SUB(NOW(), INTERVAL QuartersAgo QUARTER))
    GROUP BY ProductOrderLines.WineId
)
SELECT
    Wines.Id,
    Wines.VintageYear AS Vintage,
    Wines.Name,
    COALESCE(SoldInQuarter.Quantity, 0) AS 'Quantity Sold',
    Wines.Available AS Inventory
FROM Wines
LEFT JOIN SoldInQuarter
	ON Wines.Id = SoldInQuarter.WineId
WHERE COALESCE(SoldInQuarter.Quantity, 0) < AdequateQuantity;


# Views

DROP VIEW IF EXISTS DeliveryReport;

CREATE VIEW DeliveryReport AS
SELECT
    s.Name AS 'Supplier Name',
    DATE_FORMAT(so.ExpectedDate, '%Y-%m') AS 'Month',

    COUNT(*) AS 'Total Orders',

    SUM(CASE WHEN so.DeliveredDate <= so.ExpectedDate THEN 1 ELSE 0 END) AS 'On Time',
    SUM(CASE WHEN so.DeliveredDate > so.ExpectedDate THEN 1 ELSE 0 END) AS 'Late',
    CASE
    	WHEN AVG(DATEDIFF(so.DeliveredDate, so.ExpectedDate)) < 0 THEN 0
    	ELSE AVG(DATEDIFF(so.DeliveredDate, so.ExpectedDate)) END
		AS 'Average Days Late',
    CASE
		WHEN MAX(DATEDIFF(so.DeliveredDate, so.ExpectedDate)) < 0 THEN 0
		ELSE MAX(DATEDIFF(so.DeliveredDate, so.ExpectedDate)) END
		AS 'Max Days Late'

FROM SupplyOrders so
LEFT JOIN Suppliers s ON so.SupplierId = s.Id
GROUP BY so.SupplierId, DATE_FORMAT(so.ExpectedDate, '%Y-%m')
ORDER BY Month, 'Supplier Name';


DROP VIEW IF EXISTS QuarterlyHoursByEmployee;

CREATE VIEW QuarterlyHoursByEmployee AS
SELECT
	Employees.Id AS 'EmployeeId',
    Employees.Name AS 'Name',
    QuarterlyHours(
        Employees.Id,
        QUARTER(CURRENT_DATE()),
        YEAR(CURRENT_DATE())
	) AS 'Current Quarter',
    QuarterlyHours(
		Employees.Id,
		QUARTER(DATE_SUB(CURRENT_DATE(), INTERVAL 1 QUARTER)),
		YEAR(DATE_SUB(CURRENT_DATE(), INTERVAL 1 QUARTER))
	) AS 'Last Quarter',
    QuarterlyHours(
		Employees.Id,
		QUARTER(DATE_SUB(CURRENT_DATE(), INTERVAL 2 QUARTER)),
		YEAR(DATE_SUB(CURRENT_DATE(), INTERVAL 2 QUARTER))
	) AS '2 Quarters Ago',
    QuarterlyHours(
		Employees.Id,
		QUARTER(DATE_SUB(CURRENT_DATE(), INTERVAL 3 QUARTER)),
		YEAR(DATE_SUB(CURRENT_DATE(), INTERVAL 3 QUARTER))
	) AS '3 Quarters Ago'
FROM Employees;


DROP VIEW IF EXISTS WinesByDistributor;

CREATE VIEW WinesByDistributor AS
SELECT DISTINCT
    Distributors.Id AS DistributorId,
    Distributors.Name AS DistributorName,
    Wines.Id AS WineId,
    Wines.VintageYear AS Vintage,
    Wines.Name AS WineName
FROM Distributors
JOIN ProductOrders
    ON ProductOrders.DistributorId = Distributors.Id
JOIN ProductOrderLines
    ON ProductOrderLines.OrderId = ProductOrders.Id
JOIN Wines
    ON Wines.Id = ProductOrderLines.WineId
ORDER BY Distributors.Name, Wines.Name;

-- BacchusWinery Database Schema Setup Complete --
